{
  "en": {
    "attribute": {
      "11": "LIGHT",
      "12": "DARK",
      "13": "WATER",
      "14": "FIRE",
      "15": "EARTH",
      "16": "WIND",
      "17": "DIVINE",
      "20": "Normal",
      "21": "Counter",
      "22": "Field",
      "23": "Equip",
      "24": "Continuous",
      "25": "Quick-Play",
      "26": "Ritual"
    },
    "monster_type": {
      "1": "Dragon",
      "2": "Zombie",
      "3": "Fiend",
      "4": "Pyro",
      "5": "Sea Serpent",
      "6": "Rock",
      "7": "Machine",
      "8": "Fish",
      "9": "Dinosaur",
      "10": "Insect",
      "11": "Beast",
      "12": "Beast-Warrior",
      "13": "Plant",
      "14": "Aqua",
      "15": "Warrior",
      "16": "Winged Beast",
      "17": "Fairy",
      "18": "Spellcaster",
      "19": "Thunder",
      "20": "Reptile",
      "21": "Psychic",
      "22": "Divine-Beast",
      "26": "Wyrm",
      "27": "Cyberse",
      "34": "Illusion"
    },
    "type": {
      "0": "Normal",
      "1": "Effect",
      "2": "Fusion",
      "3": "Ritual",
      "4": "Toon",
      "5": "Spirit",
      "6": "Union",
      "7": "Gemini",
      "8": "Tuner",
      "9": "Synchro",
      "10": "Xyz",
      "14": "Flip",
      "15": "Pendulum",
      "16": "Special summon",
      "17": "Link"
    },
    "Trap": "Trap",
    "Spell": "Spell"
  },
  "fr": {
    "attribute": {
      "11": "LUMIÈRE",
      "12": "TÉNÈBRES",
      "13": "EAU",
      "14": "FEU",
      "15": "TERRE",
      "16": "VENT",
      "17": "DIVIN",
      "20": "Normale",
      "21": "Contre",
      "22": "Terrain",
      "23": "Équipement",
      "24": "Continu",
      "25": "Jeu-Rapide",
      "26": "Rituel"
    },
    "monster_type": {
      "1": "Dragon",
      "2": "Zombie",
      "3": "Démon",
      "4": "Pyro",
      "5": "Serpent de Mer",
      "6": "Rocher",
      "7": "Machine",
      "8": "Poisson",
      "9": "Dinosaure",
      "10": "Insecte",
      "11": "Bête",
      "12": "Bête-Guerrier",
      "13": "Plante",
      "14": "Aqua",
      "15": "Guerrier",
      "16": "Bête Ailée",
      "17": "Elfe",
      "18": "Magicien",
      "19": "Tonnerre",
      "20": "Reptile",
      "21": "Psychique",
      "22": "Bête Divine",
      "26": "Wyrm",
      "27": "Cyberse",
      "34": "Illusion"
    },
    "type": {
      "0": "Normal",
      "1": "Effet",
      "2": "Fusion",
      "3": "Rituel",
      "4": "Toon",
      "5": "Spirit",
      "6": "Union",
      "7": "Gémeau",
      "8": "Syntoniseur",
      "9": "Synchro",
      "10": "Xyz",
      "14": "Flip",
      "15": "Pendule",
      "17": "Lien"
    },
    "Trap": "Piège",
    "Spell": "Magie"
  },
  "ja": {
    "attribute": {
      "11": "光属性",
      "12": "闇属性",
      "13": "水属性",
      "14": "炎属性",
      "15": "地属性",
      "16": "風属性",
      "17": "神属性",
      "20": "通常",
      "21": "カウンター",
      "22": "フィールド",
      "23": "装備",
      "24": "永続",
      "25": "速攻",
      "26": "儀式"
    },
    "monster_type": {
      "1": "ドラゴン族",
      "2": "アンデット族",
      "3": "悪魔族",
      "4": "炎族",
      "5": "海竜族",
      "6": "岩石族",
      "7": "機械族",
      "8": "魚族",
      "9": "恐竜族",
      "10": "昆虫族",
      "11": "獣族",
      "12": "獣戦士族",
      "13": "植物族",
      "14": "水族",
      "15": "戦士族",
      "16": "鳥獣族",
      "17": "天使族",
      "18": "魔法使い族",
      "19": "雷族",
      "20": "爬虫類族",
      "21": "サイキック族",
      "22": "幻神獣族",
      "23": "創造神族",
      "26": "幻竜族",
      "27": "サイバース族",
      "34": "幻想魔族"
    },
    "type": {
      "0": "通常",
      "1": "効果",
      "2": "融合",
      "3": "儀式",
      "4": "トゥーン",
      "5": "スピリット",
      "6": "ユニオン",
      "7": "デュアル",
      "8": "チューナー",
      "9": "シンクロ",
      "10": "エクシーズ",
      "14": "リバース",
      "15": "ペンデュラム",
      "16": "特殊召喚",
      "17": "リンク"
    },
    "Trap": "罠",
    "Spell": "魔法"
  },
  "de": {
    "attribute": {
      "11": "LICHT",
      "12": "FINSTERNIS",
      "13": "WASSER",
      "14": "FEUER",
      "15": "ERDE",
      "16": "WIND",
      "17": "GÖTTLICH",
      "20": "Normal",
      "21": "Konter",
      "22": "Spielfeld",
      "23": "Ausrüstung",
      "24": "Permanent",
      "25": "Schnell",
      "26": "Ritual"
    },
    "monster_type": {
      "1": "Drache",
      "2": "Zombie",
      "3": "Unterweltler",
      "4": "Pyro",
      "5": "Seeschlange",
      "6": "Fels",
      "7": "Maschine",
      "8": "Fisch",
      "9": "Dinosaurier",
      "10": "Insekt",
      "11": "Ungeheuer",
      "12": "Ungeheuer-Krieger",
      "13": "Pflanze",
      "14": "Aqua",
      "15": "Krieger",
      "16": "Geflügeltes Ungeheuer",
      "17": "Fee",
      "18": "Hexer",
      "19": "Donner",
      "20": "Reptil",
      "21": "Psi",
      "22": "Göttliches Ungeheuer",
      "26": "Wyrm",
      "27": "Cyberse",
      "34": "Illusion"
    },
    "type": {
      "0": "Normal",
      "1": "Effekt",
      "2": "Fusion",
      "3": "Ritual",
      "4": "Toon",
      "5": "Spirit",
      "6": "Union",
      "7": "Zwilling",
      "8": "Empfänger",
      "9": "Synchro",
      "10": "Xyz",
      "14": "Flipp",
      "15": "Pendel",
      "17": "Link"
    },
    "Trap": "Fallen",
    "Spell": "Zauber"
  },
  "ae": {
    "attribute": {
      "11": "LIGHT",
      "12": "DARK",
      "13": "WATER",
      "14": "FIRE",
      "15": "EARTH",
      "16": "WIND",
      "17": "DIVINE",
      "20": "Normal",
      "21": "Counter",
      "22": "Field",
      "23": "Equip",
      "24": "Continuous",
      "25": "Quick-Play",
      "26": "Ritual"
    },
    "monster_type": {
      "1": "Dragon",
      "2": "Zombie",
      "3": "Fiend",
      "4": "Pyro",
      "5": "Sea Serpent",
      "6": "Rock",
      "7": "Machine",
      "8": "Fish",
      "9": "Dinosaur",
      "10": "Insect",
      "11": "Beast",
      "12": "Beast-Warrior",
      "13": "Plant",
      "14": "Aqua",
      "15": "Warrior",
      "16": "Winged Beast",
      "17": "Fairy",
      "18": "Spellcaster",
      "19": "Thunder",
      "20": "Reptile",
      "21": "Psychic",
      "22": "Divine-Beast",
      "26": "Wyrm",
      "27": "Cyberse",
      "34": "Illusion"
    },
    "type": {
      "0": "Normal",
      "1": "Effect",
      "2": "Fusion",
      "3": "Ritual",
      "4": "Toon",
      "5": "Spirit",
      "6": "Union",
      "7": "Gemini",
      "8": "Tuner",
      "9": "Synchro",
      "10": "Xyz",
      "14": "Flip",
      "15": "Pendulum",
      "17": "Link"
    },
    "Trap": "Trap",
    "Spell": "Spell"
  },
  "cn": {
    "attribute": {
      "11": "LIGHT",
      "12": "DARK",
      "13": "WATER",
      "14": "FIRE",
      "15": "EARTH",
      "16": "WIND",
      "17": "DIVINE",
      "20": "Normal",
      "21": "Counter",
      "22": "Field",
      "23": "Equip",
      "24": "Continuous",
      "25": "Quick-Play",
      "26": "Ritual"
    },
    "monster_type": {
      "1": "Dragon",
      "2": "Zombie",
      "3": "Fiend",
      "4": "Pyro",
      "5": "Sea Serpent",
      "6": "Rock",
      "7": "Machine",
      "8": "Fish",
      "9": "Dinosaur",
      "10": "Insect",
      "11": "Beast",
      "12": "Beast-Warrior",
      "13": "Plant",
      "14": "Aqua",
      "15": "Warrior",
      "16": "Winged Beast",
      "17": "Fairy",
      "18": "Spellcaster",
      "19": "Thunder",
      "20": "Reptile",
      "21": "Psychic",
      "22": "Divine-Beast",
      "26": "Wyrm",
      "27": "Cyberse",
      "34": "Illusion"
    },
    "type": {
      "0": "Normal",
      "1": "Effect",
      "2": "Fusion",
      "3": "Ritual",
      "4": "Toon",
      "5": "Spirit",
      "6": "Union",
      "7": "Gemini",
      "8": "Tuner",
      "9": "Synchro",
      "10": "Xyz",
      "14": "Flip",
      "15": "Pendulum",
      "17": "Link"
    },
    "Trap": "Trap",
    "Spell": "Spell"
  },
  "es": {
    "attribute": {
      "11": "LUZ",
      "12": "OSCURIDAD",
      "13": "AGUA",
      "14": "FUEGO",
      "15": "TIERRA",
      "16": "VIENTO",
      "17": "DIVINIDAD",
      "20": "Normales",
      "21": "Contraefecto",
      "22": "Campo",
      "23": "Equipo",
      "24": "Continua",
      "25": "Juego Rápido",
      "26": "Ritual"
    },
    "monster_type": {
      "1": "Dragón",
      "2": "Zombi",
      "3": "Demonio",
      "4": "Piro",
      "5": "Serpiente Marina",
      "6": "Roca",
      "7": "Máquina",
      "8": "Pez",
      "9": "Dinosaurio",
      "10": "Insecto",
      "11": "Bestia",
      "12": "Guerrero-Bestia",
      "13": "Planta",
      "14": "Aqua",
      "15": "Guerrero",
      "16": "Bestia Alada",
      "17": "Hada",
      "18": "Lanzador de Conjuros",
      "19": "Trueno",
      "20": "Reptil",
      "21": "Psíquico",
      "22": "Bestia Divina",
      "26": "Wyrm",
      "27": "Ciberso",
      "34": "Ilusión"
    },
    "type": {
      "0": "Normal",
      "1": "Efecto",
      "2": "Fusión",
      "3": "Ritual",
      "4": "Toon",
      "5": "Spirit",
      "6": "Unión",
      "7": "Géminis",
      "8": "Cantante",
      "9": "Sincronía",
      "10": "Xyz",
      "14": "Volteo",
      "15": "Péndulo",
      "17": "Enlace"
    },
    "Trap": "Trampa",
    "Spell": "Mágica"
  },
  "it": {
    "attribute": {
      "11": "LUCE",
      "12": "OSCURITÀ",
      "13": "ACQUA",
      "14": "FUOCO",
      "15": "TERRA",
      "16": "VENTO",
      "17": "DIVINO",
      "20": "Normali",
      "21": "Contro",
      "22": "Terreno",
      "23": "Equipaggiamento",
      "24": "Continua",
      "25": "Rapida",
      "26": "Rituale"
    },
    "monster_type": {
      "1": "Drago",
      "2": "Zombie",
      "3": "Demone",
      "4": "Pyro",
      "5": "Serpente Marino",
      "6": "Roccia",
      "7": "Macchina",
      "8": "Pesce",
      "9": "Dinosauro",
      "10": "Insetto",
      "11": "Bestia",
      "12": "Guerriero-Bestia",
      "13": "Pianta",
      "14": "Acqua",
      "15": "Guerriero",
      "16": "Bestia Alata",
      "17": "Fata",
      "18": "Incantatore",
      "19": "Tuono",
      "20": "Rettile",
      "21": "Psichico",
      "22": "Divinità-Bestia",
      "26": "Wyrm",
      "27": "Cyberso",
      "34": "Illusione"
    },
    "type": {
      "0": "Normale",
      "1": "Effetto",
      "2": "Fusione",
      "3": "Rituale",
      "4": "Toon",
      "5": "Spirito",
      "6": "Unione",
      "7": "Gemello",
      "8": "Tuner",
      "9": "Synchro",
      "10": "Xyz",
      "14": "Scoperta",
      "15": "Pendulum",
      "17": "Link"
    },
    "Trap": "Trappola",
    "Spell": "Magia"
  },
  "ko": {
    "attribute": {
      "11": "빛",
      "12": "어둠",
      "13": "물",
      "14": "화염",
      "15": "땅",
      "16": "바람",
      "17": "신",
      "20": "일반",
      "21": "카운터",
      "22": "필드",
      "23": "장착",
      "24": "지속",
      "25": "속공",
      "26": "의식"
    },
    "monster_type": {
      "1": "드래곤족",
      "2": "언데드족",
      "3": "악마족",
      "4": "화염족",
      "5": "해룡족",
      "6": "암석족",
      "7": "기계족",
      "8": "어류족",
      "9": "공룡족",
      "10": "곤충족",
      "11": "야수족",
      "12": "야수전사족",
      "13": "식물족",
      "14": "물족",
      "15": "전사족",
      "16": "비행야수족",
      "17": "천사족",
      "18": "마법사족",
      "19": "번개족",
      "20": "파충류족",
      "21": "사이킥족",
      "22": "환신야수족",
      "26": "환룡족",
      "27": "사이버스족",
      "34": "환상마족"
    },
    "type": {
      "0": "일반",
      "1": "효과",
      "2": "융합",
      "3": "의식",
      "4": "툰",
      "5": "스피릿",
      "6": "유니온",
      "7": "듀얼",
      "8": "튜너",
      "9": "싱크로",
      "10": "엑시즈",
      "14": "리버스",
      "15": "펜듈럼",
      "16": "특수 소환",
      "17": "링크"
    },
    "Trap": "함정",
    "Spell": "마법"
  },
  "pt": {
    "attribute": {
      "11": "LUZ",
      "12": "TREVAS",
      "13": "ÁGUA",
      "14": "FOGO",
      "15": "TERRA",
      "16": "VENTO",
      "17": "DIVINO",
      "20": "Normal",
      "21": "Marcador",
      "22": "Campo",
      "23": "Equipamento",
      "24": "Contínua",
      "25": "Rápida",
      "26": "Ritual"
    },
    "monster_type": {
      "1": "Dragão",
      "2": "Zumbi",
      "3": "Demônio",
      "4": "Piro",
      "5": "Serpente Marinha",
      "6": "Rocha",
      "7": "Máquina",
      "8": "Peixe",
      "9": "Dinossauro",
      "10": "Inseto",
      "11": "Besta",
      "12": "Besta-Guerreira",
      "13": "Planta",
      "14": "Aqua",
      "15": "Guerreiro",
      "16": "Besta Alada",
      "17": "Fada",
      "18": "Mago",
      "19": "Trovão",
      "20": "Réptil",
      "21": "Psíquico",
      "22": "Besta Divina",
      "26": "Wyrm",
      "27": "Ciberso",
      "34": "Ilusão"
    },
    "type": {
      "0": "Normal",
      "1": "Efeito",
      "2": "Fusão",
      "3": "Ritual",
      "4": "Toon",
      "5": "Espírito",
      "6": "União",
      "7": "Gêmeos",
      "8": "Regulador",
      "9": "Sincro",
      "10": "Xyz",
      "14": "Virar",
      "15": "Pêndulo",
      "17": "Link"
    },
    "Trap": "Armadilha",
    "Spell": "Magia"
  }
}